﻿<DataObject comparison="Ordinal">
  <Section id="">
    <Subsections>
      <Section id="General">
        <Subsections />
        <Entries>
          <Entry key="ElapsedTime">
            <double>15.393490199999999</double>
          </Entry>
          <Entry key="StartedAt">
            <dateTime>2022-08-18T06:12:57.0815873+00:00</dateTime>
          </Entry>
          <Entry key="EndedAt">
            <dateTime>2022-08-18T06:13:12.4750775+00:00</dateTime>
          </Entry>
          <Entry key="ReplayStatus">
            <LastReplayRunStatus>Passed</LastReplayRunStatus>
          </Entry>
          <Entry key="NumberOfReplayErrors">
            <int>0</int>
          </Entry>
          <Entry key="NumberOfReplayCriticalErrors">
            <int>0</int>
          </Entry>
          <Entry key="NumberOfCompilationErrors">
            <int>0</int>
          </Entry>
        </Entries>
      </Section>
    </Subsections>
    <Entries>
      <Entry key="Iterations">
        <int>2</int>
      </Entry>
    </Entries>
  </Section>
</DataObject>