<?xml version="1.0" encoding="utf-8"?>
<VugenScriptMetadata>
  <ScriptName>AOS_E2E_WebHttp</ScriptName>
  <Protocol>Web - HTTP/HTML</Protocol>
  <ActionFiles>
    <FileEntry Name="vuser_init.c" Filter="2" />
    <FileEntry Name="Action.c" Filter="2" />
    <FileEntry Name="vuser_end.c" Filter="2" />
  </ActionFiles>
  <GeneralFiles>
    <FileEntry Name="AOS_E2E_WebHttp.usr" Filter="4" />
    <FileEntry Name="default.cfg" Filter="4" />
    <FileEntry Name="default.usp" Filter="4" />
    <FileEntry Name="AOS_WebHttpHtml1.prm" Filter="2" />
    <FileEntry Name="globals.h" Filter="2" />
    <FileEntry Name="AOS_URL.dat" Filter="2" />
    <FileEntry Name="AOS_WebHttpHtml1.prm.bak" Filter="1" />
    <FileEntry Name="Bookmarks.xml" Filter="1" />
    <FileEntry Name="Breakpoints.xml" Filter="1" />
    <FileEntry Name="CompilerLogMetadata.xml" Filter="1" />
    <FileEntry Name="logfile.log" Filter="1" />
    <FileEntry Name="mdrv.log" Filter="1" />
    <FileEntry Name="mdrvB2r.903.log" Filter="1" />
    <FileEntry Name="mdrv_cmd.txt" Filter="1" />
    <FileEntry Name="NewParam.dat" Filter="1" />
    <FileEntry Name="options.txt" Filter="1" />
    <FileEntry Name="output.bak" Filter="1" />
    <FileEntry Name="output.txt" Filter="1" />
    <FileEntry Name="OutputColoringDatabase.json" Filter="1" />
    <FileEntry Name="ReplaySummaryReport.xml" Filter="1" />
    <FileEntry Name="ScriptUploadMetadata.xml" Filter="1" />
    <FileEntry Name="shunra.shunra" Filter="1" />
    <FileEntry Name="ThumbnailsCache.tmp" Filter="1" />
    <FileEntry Name="TransactionsData.db" Filter="1" />
    <FileEntry Name="UserTasks.xml" Filter="1" />
    <FileEntry Name="result1\" Filter="1" />
  </GeneralFiles>
</VugenScriptMetadata>